/*TABELA PACIENTE*/
INSERT INTO `dbclinicamedica`.`paciente` (`IDPACIENTE`, `NOME`, `CPF`, `TELEFONE`, `EMAIL`, `SEXO`, `TIPO_SANGUINEO`, `DATA_NASCIMENTO`, `CONVENIO`, `RUA`, `NUMERO`, `BAIRRO`, `CIDADE`, `ESTADO`, `CEP`) VALUES ('1', 'AAA', '101.010.101-01', '(01)99999-9999', 'AAA@EMAIL.COM', 'Masculino', 'A+', '0000-00-00', 'PARTICULAR', 'AAA', '01', 'BAIRRO A', 'FLORIANOPOLIS', 'SC', '0000-001');
INSERT INTO `dbclinicamedica`.`paciente` (`IDPACIENTE`, `NOME`, `CPF`, `TELEFONE`, `EMAIL`, `SEXO`, `TIPO_SANGUINEO`, `DATA_NASCIMENTO`, `CONVENIO`, `RUA`, `NUMERO`, `BAIRRO`, `CIDADE`, `ESTADO`, `CEP`) VALUES ('2', 'BBB', '202.020.202-02', '(02)99999-9999', 'BBB@EMAIL.COM', 'Feminino', 'A+', '0000-00-00', 'PARTICULAR', 'BBB', '02', 'BAIRRO B', 'FLORIANOPOLIS', 'SC', '0000-002');
INSERT INTO `dbclinicamedica`.`paciente` (`IDPACIENTE`, `NOME`, `CPF`, `TELEFONE`, `EMAIL`, `SEXO`, `TIPO_SANGUINEO`, `DATA_NASCIMENTO`, `CONVENIO`, `RUA`, `NUMERO`, `BAIRRO`, `CIDADE`, `ESTADO`, `CEP`) VALUES ('3', 'CCC', '303.030.303-03', '(03)99999-9999', 'CCC@EMAIL.COM', 'Masculino', 'A+', '0000-00-00', 'PARTICULAR', 'CCC', '03', 'BAIRRO C', 'FLORIANOPOLIS', 'SC', '0000-003');
INSERT INTO `dbclinicamedica`.`paciente` (`IDPACIENTE`, `NOME`, `CPF`, `TELEFONE`, `EMAIL`, `SEXO`, `TIPO_SANGUINEO`, `DATA_NASCIMENTO`, `CONVENIO`, `RUA`, `NUMERO`, `BAIRRO`, `CIDADE`, `ESTADO`, `CEP`) VALUES ('4', 'DDD', '404.040.404-04', '(04)99999-9999', 'DDD@EMAIL.COM', 'Feminino', 'A-', '0000-00-00', 'UNIMED', 'DDD', '04', 'BAIRRO D', 'FLORIANOPOLIS', 'SC', '0000-004');
INSERT INTO `dbclinicamedica`.`paciente` (`IDPACIENTE`, `NOME`, `CPF`, `TELEFONE`, `EMAIL`, `SEXO`, `TIPO_SANGUINEO`, `DATA_NASCIMENTO`, `CONVENIO`, `RUA`, `NUMERO`, `BAIRRO`, `CIDADE`, `ESTADO`, `CEP`) VALUES ('5', 'EEE', '505.050.505-05', '(05)99999-9999', 'EEE@EMAIL.COM', 'Masculino', 'A-', '0000-00-00', 'UNIMED', 'EEE', '05', 'BAIRRO E', 'FLORIANOPOLIS', 'SC', '0000-005');
INSERT INTO `dbclinicamedica`.`paciente` (`IDPACIENTE`, `NOME`, `CPF`, `TELEFONE`, `EMAIL`, `SEXO`, `TIPO_SANGUINEO`, `DATA_NASCIMENTO`, `CONVENIO`, `RUA`, `NUMERO`, `BAIRRO`, `CIDADE`, `ESTADO`, `CEP`) VALUES ('6', 'FFF', '606.060.606-06', '(06)99999-9999', 'FFF@EMAIL.COM', 'Feminino', 'A-', '0000-00-00', 'AGEMED', 'FFF', '06', 'BAIRRO F', 'SÃO JOSÉ', 'SC', '0000-006');
INSERT INTO `dbclinicamedica`.`paciente` (`IDPACIENTE`, `NOME`, `CPF`, `TELEFONE`, `EMAIL`, `SEXO`, `TIPO_SANGUINEO`, `DATA_NASCIMENTO`, `CONVENIO`, `RUA`, `NUMERO`, `BAIRRO`, `CIDADE`, `ESTADO`, `CEP`) VALUES ('7', 'GGG', '707.070.707-07', '(07)99999-9999', 'GGG@EMAIL.COM', 'Masculino', 'AB+', '0000-00-00', 'AGEMED', 'GGG', '07', 'BAIRRO G', 'SÃO JOSÉ', 'SC', '0000-007');
INSERT INTO `dbclinicamedica`.`paciente` (`IDPACIENTE`, `NOME`, `CPF`, `TELEFONE`, `EMAIL`, `SEXO`, `TIPO_SANGUINEO`, `DATA_NASCIMENTO`, `CONVENIO`, `RUA`, `NUMERO`, `BAIRRO`, `CIDADE`, `ESTADO`, `CEP`) VALUES ('8', 'HHH', '808.080.808-08', '(08)99999-9999', 'HHH@EMAIL.COM', 'Feminino', 'AB+', '0000-00-00', 'AMIL', 'HHH', '08', 'BAIRRO H', 'SÃO JOSÉ', 'SC', '0000-008');
INSERT INTO `dbclinicamedica`.`paciente` (`IDPACIENTE`, `NOME`, `CPF`, `TELEFONE`, `EMAIL`, `SEXO`, `TIPO_SANGUINEO`, `DATA_NASCIMENTO`, `CONVENIO`, `RUA`, `NUMERO`, `BAIRRO`, `CIDADE`, `ESTADO`, `CEP`) VALUES ('9', 'III', '909.090.909-09', '(09)99999-9999', 'III@EMAIL.COM', 'Masculino', 'AB+', '0000-00-00', 'AMIL', 'III', '09', 'BAIRRO I', 'SÃO JOSÉ', 'SC', '0000-009');
INSERT INTO `dbclinicamedica`.`paciente` (`IDPACIENTE`, `NOME`, `CPF`, `TELEFONE`, `EMAIL`, `SEXO`, `TIPO_SANGUINEO`, `DATA_NASCIMENTO`, `CONVENIO`, `RUA`, `NUMERO`, `BAIRRO`, `CIDADE`, `ESTADO`, `CEP`) VALUES ('10', 'JJJ', '111.111.111-11', '(10)99999-9999', 'JJJ@EMAIL.COM', 'Feminino', 'AB-', '0000-00-00', 'SUL AMERICA SAÚDE', 'JJJ', '20', 'BAIRRO J', 'SÃO JOSÉ', 'SC', '0000-010');
INSERT INTO `dbclinicamedica`.`paciente` (`IDPACIENTE`, `NOME`, `CPF`, `TELEFONE`, `EMAIL`, `SEXO`, `TIPO_SANGUINEO`, `DATA_NASCIMENTO`, `CONVENIO`, `RUA`, `NUMERO`, `BAIRRO`, `CIDADE`, `ESTADO`, `CEP`) VALUES ('11', 'KKK', '222.222.222-22', '(11)99999-9999', 'KKK@EMAIL.COM', 'Masculino', 'AB-', '0000-00-00', 'SUL AMERICA SAÚDE', 'KKK', '21', 'BAIRRO K', 'PALHOÇA', 'SC', '0000-011');
INSERT INTO `dbclinicamedica`.`paciente` (`IDPACIENTE`, `NOME`, `CPF`, `TELEFONE`, `EMAIL`, `SEXO`, `TIPO_SANGUINEO`, `DATA_NASCIMENTO`, `CONVENIO`, `RUA`, `NUMERO`, `BAIRRO`, `CIDADE`, `ESTADO`, `CEP`) VALUES ('12', 'LLL', '333.333.333-33', '(12)99999-9999', 'LLL@EMAIL.COM', 'Feminino', 'AB-', '0000-00-00', 'ONE HEALTH', 'LLL', '22', 'BAIRRO L', 'PALHOÇA', 'SC', '0000-012');
INSERT INTO `dbclinicamedica`.`paciente` (`IDPACIENTE`, `NOME`, `CPF`, `TELEFONE`, `EMAIL`, `SEXO`, `TIPO_SANGUINEO`, `DATA_NASCIMENTO`, `CONVENIO`, `RUA`, `NUMERO`, `BAIRRO`, `CIDADE`, `ESTADO`, `CEP`) VALUES ('13', 'MMM', '444.444.444-44', '(13)99999-9999', 'MMM@EMAIL.COM', 'Masculino', 'O+', '0000-00-00', 'ONE HEALTH', 'MMM', '23', 'BAIRRO M', 'PALHOÇA', 'SC', '0000-013');
INSERT INTO `dbclinicamedica`.`paciente` (`IDPACIENTE`, `NOME`, `CPF`, `TELEFONE`, `EMAIL`, `SEXO`, `TIPO_SANGUINEO`, `DATA_NASCIMENTO`, `CONVENIO`, `RUA`, `NUMERO`, `BAIRRO`, `CIDADE`, `ESTADO`, `CEP`) VALUES ('14', 'NNN', '555.555.555-55', '(14)99999-9999', 'NNN@EMAIL.COM', 'Feminino', 'O+', '0000-00-00', 'GOLDEN CROSS', 'NNN', '24', 'BAIRRO N', 'PALHOÇA', 'SC', '0000-014');
INSERT INTO `dbclinicamedica`.`paciente` (`IDPACIENTE`, `NOME`, `CPF`, `TELEFONE`, `EMAIL`, `SEXO`, `TIPO_SANGUINEO`, `DATA_NASCIMENTO`, `CONVENIO`, `RUA`, `NUMERO`, `BAIRRO`, `CIDADE`, `ESTADO`, `CEP`) VALUES ('15', 'OOO', '666.666.666-66', '(15)99999-9999', 'OOO@EMAIL.COM', 'Masculino', 'O+', '0000-00-00', 'GOLDEN CROSS', 'OOO', '25', 'BAIRRO O', 'PALHOÇA', 'SC', '0000-015');
INSERT INTO `dbclinicamedica`.`paciente` (`IDPACIENTE`, `NOME`, `CPF`, `TELEFONE`, `EMAIL`, `SEXO`, `TIPO_SANGUINEO`, `DATA_NASCIMENTO`, `CONVENIO`, `RUA`, `NUMERO`, `BAIRRO`, `CIDADE`, `ESTADO`, `CEP`) VALUES ('16', 'PPP', '777.777.777-77', '(16)99999-9999', 'PPP@EMAIL.COM', 'Feminino', 'O+', '0000-00-00', 'INTERMÉDICA', 'PPP', '26', 'BAIRRO P', 'BIGUAÇU', 'SC', '0000-016');
INSERT INTO `dbclinicamedica`.`paciente` (`IDPACIENTE`, `NOME`, `CPF`, `TELEFONE`, `EMAIL`, `SEXO`, `TIPO_SANGUINEO`, `DATA_NASCIMENTO`, `CONVENIO`, `RUA`, `NUMERO`, `BAIRRO`, `CIDADE`, `ESTADO`, `CEP`) VALUES ('17', 'QQQ', '888.888.888-88', '(17)99999-9999', 'QQQ@EMAIL.COM', 'Masculino', 'O-', '0000-00-00', 'INTERMÉDICA', 'QQQ', '27', 'BAIRRO Q', 'BIGUAÇU', 'SC', '0000-017');
INSERT INTO `dbclinicamedica`.`paciente` (`IDPACIENTE`, `NOME`, `CPF`, `TELEFONE`, `EMAIL`, `SEXO`, `TIPO_SANGUINEO`, `DATA_NASCIMENTO`, `CONVENIO`, `RUA`, `NUMERO`, `BAIRRO`, `CIDADE`, `ESTADO`, `CEP`) VALUES ('18', 'RRR', '888.888.888-88', '(18)99999-9999', 'RRR@EMAIL.COM', 'Feminino', 'O-', '0000-00-00', 'NOTRE DAME SEGURO SAÚDE', 'RRR', '28', 'BAIRRO R', 'BIGUAÇU', 'SC', '0000-018');
INSERT INTO `dbclinicamedica`.`paciente` (`IDPACIENTE`, `NOME`, `CPF`, `TELEFONE`, `EMAIL`, `SEXO`, `TIPO_SANGUINEO`, `DATA_NASCIMENTO`, `CONVENIO`, `RUA`, `NUMERO`, `BAIRRO`, `CIDADE`, `ESTADO`, `CEP`) VALUES ('19', 'SSS', '999.999.999-99', '(19)99999-9999', 'SSS@EMAIL.COM', 'Masculino', 'O-', '0000-00-00', 'NOTRE DAME SEGURO SAÚDE', 'SSS', '29', 'BAIRRO S', 'BIGUAÇU', 'SC', '0000-019');
INSERT INTO `dbclinicamedica`.`paciente` (`IDPACIENTE`, `NOME`, `CPF`, `TELEFONE`, `EMAIL`, `SEXO`, `TIPO_SANGUINEO`, `DATA_NASCIMENTO`, `CONVENIO`, `RUA`, `NUMERO`, `BAIRRO`, `CIDADE`, `ESTADO`, `CEP`) VALUES ('20', 'TTT', '000.000.000-00', '(20)99999-9999', 'TTT@EMAIL.COM', 'Feminino', 'O-', '0000-00-00', 'NOTRE DAME SEGURO SAÚDE', 'TTT', '300', 'BAIRRO T', 'BIGUAÇU', 'SC', '0000-200');

/*TABELA USUARIO*/
INSERT INTO `dbclinicamedica`.`USUARIO` (`IDUSUARIO`, `USUARIO`, `SENHA`, `NIVEL`) VALUES ('1', 'adm', 'adm', 'Admin');
INSERT INTO `dbclinicamedica`.`USUARIO` (`IDUSUARIO`, `USUARIO`, `SENHA`, `NIVEL`) VALUES ('2', 'recepcao', 'recepcao', 'Funcionário');
INSERT INTO `dbclinicamedica`.`USUARIO` (`IDUSUARIO`, `USUARIO`, `SENHA`, `NIVEL`) VALUES ('3', 'medico', 'medico', 'Médico');


/*TABELA FUNCIONARIO*/
INSERT INTO `dbclinicamedica`.`FUNCIONARIO` (`IDFUNCIONARIO`, `NOME`, `CPF`, `TELEFONE`, `EMAIL`, `DATA_NASCIMENTO`, `IDUSUARIO`) VALUES ('1', 'BRASIL', '111.111.111-11', '(01)99999-9999', 'BRASIL@CLINICA.COM', '0000-00-00', '2');
INSERT INTO `dbclinicamedica`.`FUNCIONARIO` (`IDFUNCIONARIO`, `NOME`, `CPF`, `TELEFONE`, `EMAIL`, `DATA_NASCIMENTO`, `IDUSUARIO`) VALUES ('2', 'ARGENTINA', '222.222.222-22', '(02)99999-9999', 'ARGENTINA@CLINICA.COM', '0000-00-00', '2');
INSERT INTO `dbclinicamedica`.`FUNCIONARIO` (`IDFUNCIONARIO`, `NOME`, `CPF`, `TELEFONE`, `EMAIL`, `DATA_NASCIMENTO`, `IDUSUARIO`) VALUES ('3', 'URUGUAI', '333.333.333-33', '(03)99999-9999', 'URUGUAI@CLINICA.COM', '0000-00-00', '2');
INSERT INTO `dbclinicamedica`.`FUNCIONARIO` (`IDFUNCIONARIO`, `NOME`, `CPF`, `TELEFONE`, `EMAIL`, `DATA_NASCIMENTO`, `IDUSUARIO`) VALUES ('4', 'PARAGUAI', '444.444.444-44', '(04)99999-9999', 'PARAGUAI@CLINICA.COM', '0000-00-00', '2');
INSERT INTO `dbclinicamedica`.`FUNCIONARIO` (`IDFUNCIONARIO`, `NOME`, `CPF`, `TELEFONE`, `EMAIL`, `DATA_NASCIMENTO`, `IDUSUARIO`) VALUES ('5', 'CHILE', '555.555.555-55', '(05)99999-9999', 'CHILE@CLINICA.COM', '0000-00-00', '2');
INSERT INTO `dbclinicamedica`.`FUNCIONARIO` (`IDFUNCIONARIO`, `NOME`, `CPF`, `TELEFONE`, `EMAIL`, `DATA_NASCIMENTO`, `IDUSUARIO`) VALUES ('6', 'USA', '666.666.666-66', '(06)99999-9999', 'USA@CLINICA.COM', '0000-00-00', '2');
INSERT INTO `dbclinicamedica`.`FUNCIONARIO` (`IDFUNCIONARIO`, `NOME`, `CPF`, `TELEFONE`, `EMAIL`, `DATA_NASCIMENTO`, `IDUSUARIO`) VALUES ('7', 'RUSSIA', '777.777.777-77', '(07)99999-9999', 'RUSSIA@CLINICA.COM', '0000-00-00', '2');
INSERT INTO `dbclinicamedica`.`FUNCIONARIO` (`IDFUNCIONARIO`, `NOME`, `CPF`, `TELEFONE`, `EMAIL`, `DATA_NASCIMENTO`, `IDUSUARIO`) VALUES ('8', 'JAPAO', '888.888.888-88', '(08)99999-9999', 'JAPAO@CLINICA.COM', '0000-00-00', '2');
INSERT INTO `dbclinicamedica`.`FUNCIONARIO` (`IDFUNCIONARIO`, `NOME`, `CPF`, `TELEFONE`, `EMAIL`, `DATA_NASCIMENTO`, `IDUSUARIO`) VALUES ('9', 'CANADA', '999.999.999-99', '(09)99999-9999', 'CANADA@CLINICA.COM', '0000-00-00', '2');
INSERT INTO `dbclinicamedica`.`FUNCIONARIO` (`IDFUNCIONARIO`, `NOME`, `CPF`, `TELEFONE`, `EMAIL`, `DATA_NASCIMENTO`, `IDUSUARIO`) VALUES ('10', 'ALEMANHA', '000.000.000-00', '(10)99999-9999', 'ALEMANHA@CLINICA.COM', '0000-00-00', '2');

/*TABELA MÉDICO*/
INSERT INTO `dbclinicamedica`.`medico` (`IDMEDICO`, `NOME`, `CPF`, `TELEFONE`, `EMAIL`, `CRM`, `ESPECIALIDADE`, `IDUSUARIO`) VALUES ('1', 'JOSÉ', '111.111.111-11', '(01)99999-9999','JOSE01@CLINICA.COM', '111111111111', 'CLINICO GERAL', '3');
INSERT INTO `dbclinicamedica`.`medico` (`IDMEDICO`, `NOME`, `CPF`, `TELEFONE`, `EMAIL`, `CRM`, `ESPECIALIDADE`, `IDUSUARIO`) VALUES ('2', 'MARCOS', '222.222.222-22', '(02)99999-9999', 'MARCOS02@CLINICA.COM', '222222222222', 'CARDIOLOGIA','3');
INSERT INTO `dbclinicamedica`.`medico` (`IDMEDICO`, `NOME`, `CPF`, `TELEFONE`, `EMAIL`, `CRM`, `ESPECIALIDADE`, `IDUSUARIO`) VALUES ('3', 'CARLOS', '333.333.333-33', '(03)99999-9999', 'CARLOS03@CLINICA.COM', '333333333333', 'CIRURGIA GERAL', '3');
INSERT INTO `dbclinicamedica`.`medico` (`IDMEDICO`, `NOME`, `CPF`, `TELEFONE`, `EMAIL`, `CRM`, `ESPECIALIDADE`, `IDUSUARIO`) VALUES ('4', 'VILMAR', '444.444.444-44', '(04)99999-9999', 'VILMAR04@CLINICA.COM', '444444444444', 'PEDIATRA', '3');
INSERT INTO `dbclinicamedica`.`medico` (`IDMEDICO`, `NOME`, `CPF`, `TELEFONE`, `EMAIL`, `CRM`, `ESPECIALIDADE`, `IDUSUARIO`) VALUES ('5', 'ELIAS', '555.555.555-55', '(05)99999-9999', 'ELIAS05@CLINICA.COM', '555555555555', 'INFECTOLOGIA', '3');
INSERT INTO `dbclinicamedica`.`medico` (`IDMEDICO`, `NOME`, `CPF`, `TELEFONE`, `EMAIL`, `CRM`, `ESPECIALIDADE`, `IDUSUARIO`) VALUES ('6', 'OSVALDO', '666.666.666-66', '(06)99999-9999', 'OSVALDO06@CLINICA.COM', '666666666666', 'OFTALMOLOGIA', '3');
INSERT INTO `dbclinicamedica`.`medico` (`IDMEDICO`, `NOME`, `CPF`, `TELEFONE`, `EMAIL`, `CRM`, `ESPECIALIDADE`, `IDUSUARIO`) VALUES ('7', 'MATIAS', '777.777.777-77', '(07)99999-9999', 'MATIAS07@CLINICA.COM', '777777777777', 'UROLOGIA', '3');
INSERT INTO `dbclinicamedica`.`medico` (`IDMEDICO`, `NOME`, `CPF`, `TELEFONE`, `EMAIL`, `CRM`, `ESPECIALIDADE`, `IDUSUARIO`) VALUES ('8', 'EDUARDO', '888.888.888-88', '(08)99999-9999', 'EDUARDO08@CLINICA.COM', '888888888888', 'PNEUMOLOGIA', '3');
INSERT INTO `dbclinicamedica`.`medico` (`IDMEDICO`, `NOME`, `CPF`, `TELEFONE`, `EMAIL`, `CRM`, `ESPECIALIDADE`, `IDUSUARIO`) VALUES ('9', 'MATHEUS', '999.999.999-99', '(09)99999-9999', 'MATHEUS09@CLINICA.COM', '999999999999', 'RADIOLOGIA', '3');
INSERT INTO `dbclinicamedica`.`medico` (`IDMEDICO`, `NOME`, `CPF`, `TELEFONE`, `EMAIL`, `CRM`, `ESPECIALIDADE`, `IDUSUARIO`) VALUES ('10', 'ARISTOLVO', '000.000.000-00', '(10)99999-9999', 'ARISTOLVO100@CLINICA.COM', '000000000000', 'GERIATRIA', '3');

/*TABELA CONSULTA*/
INSERT INTO `dbclinicamedica`.`consulta` (`IDCONSULTA`, `DATA_CONSULTA`, `IDPACIENTE`, `IDMEDICO`, `IDFUNCIONARIO`) VALUES ('1', '0000-00-00', '1', '1', '1');
INSERT INTO `dbclinicamedica`.`consulta` (`IDCONSULTA`, `DATA_CONSULTA`, `IDPACIENTE`, `IDMEDICO`, `IDFUNCIONARIO`) VALUES ('2', '0000-00-00', '2', '2', '2');
INSERT INTO `dbclinicamedica`.`consulta` (`IDCONSULTA`, `DATA_CONSULTA`, `IDPACIENTE`, `IDMEDICO`, `IDFUNCIONARIO`) VALUES ('3', '0000-00-00', '3', '3', '3');
INSERT INTO `dbclinicamedica`.`consulta` (`IDCONSULTA`, `DATA_CONSULTA`, `IDPACIENTE`, `IDMEDICO`, `IDFUNCIONARIO`) VALUES ('4', '0000-00-00', '4', '4', '4');
INSERT INTO `dbclinicamedica`.`consulta` (`IDCONSULTA`, `DATA_CONSULTA`, `IDPACIENTE`, `IDMEDICO`, `IDFUNCIONARIO`) VALUES ('5', '0000-00-00', '5', '5', '5');
INSERT INTO `dbclinicamedica`.`consulta` (`IDCONSULTA`, `DATA_CONSULTA`, `IDPACIENTE`, `IDMEDICO`, `IDFUNCIONARIO`) VALUES ('6', '0000-00-00', '6', '6', '6');
INSERT INTO `dbclinicamedica`.`consulta` (`IDCONSULTA`, `DATA_CONSULTA`, `IDPACIENTE`, `IDMEDICO`, `IDFUNCIONARIO`) VALUES ('7', '0000-00-00', '7', '7', '7');
INSERT INTO `dbclinicamedica`.`consulta` (`IDCONSULTA`, `DATA_CONSULTA`, `IDPACIENTE`, `IDMEDICO`, `IDFUNCIONARIO`) VALUES ('8', '0000-00-00', '8', '8', '8');
INSERT INTO `dbclinicamedica`.`consulta` (`IDCONSULTA`, `DATA_CONSULTA`, `IDPACIENTE`, `IDMEDICO`, `IDFUNCIONARIO`) VALUES ('9', '0000-00-00', '9', '9', '9');
INSERT INTO `dbclinicamedica`.`consulta` (`IDCONSULTA`, `DATA_CONSULTA`, `IDPACIENTE`, `IDMEDICO`, `IDFUNCIONARIO`) VALUES ('10', '0000-00-00', '10', '10', '10');
INSERT INTO `dbclinicamedica`.`consulta` (`IDCONSULTA`, `DATA_CONSULTA`, `IDPACIENTE`, `IDMEDICO`, `IDFUNCIONARIO`) VALUES ('11', '0000-00-00', '11', '1', '1');
INSERT INTO `dbclinicamedica`.`consulta` (`IDCONSULTA`, `DATA_CONSULTA`, `IDPACIENTE`, `IDMEDICO`, `IDFUNCIONARIO`) VALUES ('12', '0000-00-00', '12', '2', '2');
INSERT INTO `dbclinicamedica`.`consulta` (`IDCONSULTA`, `DATA_CONSULTA`, `IDPACIENTE`, `IDMEDICO`, `IDFUNCIONARIO`) VALUES ('13', '0000-00-00', '13', '3', '3');
INSERT INTO `dbclinicamedica`.`consulta` (`IDCONSULTA`, `DATA_CONSULTA`, `IDPACIENTE`, `IDMEDICO`, `IDFUNCIONARIO`) VALUES ('14', '0000-00-00', '14', '4', '4');
INSERT INTO `dbclinicamedica`.`consulta` (`IDCONSULTA`, `DATA_CONSULTA`, `IDPACIENTE`, `IDMEDICO`, `IDFUNCIONARIO`) VALUES ('15', '0000-00-00', '15', '5', '5');
INSERT INTO `dbclinicamedica`.`consulta` (`IDCONSULTA`, `DATA_CONSULTA`, `IDPACIENTE`, `IDMEDICO`, `IDFUNCIONARIO`) VALUES ('16', '0000-00-00', '1', '6', '6');
INSERT INTO `dbclinicamedica`.`consulta` (`IDCONSULTA`, `DATA_CONSULTA`, `IDPACIENTE`, `IDMEDICO`, `IDFUNCIONARIO`) VALUES ('17', '0000-00-00', '2', '7', '7');
INSERT INTO `dbclinicamedica`.`consulta` (`IDCONSULTA`, `DATA_CONSULTA`, `IDPACIENTE`, `IDMEDICO`, `IDFUNCIONARIO`) VALUES ('18', '0000-00-00', '3', '8', '8');
INSERT INTO `dbclinicamedica`.`consulta` (`IDCONSULTA`, `DATA_CONSULTA`, `IDPACIENTE`, `IDMEDICO`, `IDFUNCIONARIO`) VALUES ('19', '0000-00-00', '4', '9', '9');
INSERT INTO `dbclinicamedica`.`consulta` (`IDCONSULTA`, `DATA_CONSULTA`, `IDPACIENTE`, `IDMEDICO`, `IDFUNCIONARIO`) VALUES ('20', '0000-00-00', '5', '10', '10');

/*TABELA PRONTUARIO*/
INSERT INTO `dbclinicamedica`.`PRONTUARIO` (`IDPRONTUARIO`, `IDPACIENTE`, `IDMEDICO`, `OBSERVACOES`, `DATA_PRONTUARIO`) VALUES ('1', '1', '1', 'Paciente gripado, tosse, vomito', '0000-00-00');
INSERT INTO `dbclinicamedica`.`PRONTUARIO` (`IDPRONTUARIO`, `IDPACIENTE`, `IDMEDICO`, `OBSERVACOES`, `DATA_PRONTUARIO`) VALUES ('2', '2', '2', 'Paciente Dodói', '0000-00-00');
INSERT INTO `dbclinicamedica`.`PRONTUARIO` (`IDPRONTUARIO`, `IDPACIENTE`, `IDMEDICO`, `OBSERVACOES`, `DATA_PRONTUARIO`) VALUES ('3', '3', '3', 'Paciente Morrendo', '0000-00-00');
INSERT INTO `dbclinicamedica`.`PRONTUARIO` (`IDPRONTUARIO`, `IDPACIENTE`, `IDMEDICO`, `OBSERVACOES`, `DATA_PRONTUARIO`) VALUES ('4', '4', '4', 'Paciente Feliz', '0000-00-00');
INSERT INTO `dbclinicamedica`.`PRONTUARIO` (`IDPRONTUARIO`, `IDPACIENTE`, `IDMEDICO`, `OBSERVACOES`, `DATA_PRONTUARIO`) VALUES ('5', '5', '5', 'Paciente Chorando', '0000-00-00');
INSERT INTO `dbclinicamedica`.`PRONTUARIO` (`IDPRONTUARIO`, `IDPACIENTE`, `IDMEDICO`, `OBSERVACOES`, `DATA_PRONTUARIO`) VALUES ('6', '6', '6', 'Paciente Ralou o Braço', '0000-00-00');
INSERT INTO `dbclinicamedica`.`PRONTUARIO` (`IDPRONTUARIO`, `IDPACIENTE`, `IDMEDICO`, `OBSERVACOES`, `DATA_PRONTUARIO`) VALUES ('7', '7', '7', 'Paciente Cortou o Cabelo', '0000-00-00');
INSERT INTO `dbclinicamedica`.`PRONTUARIO` (`IDPRONTUARIO`, `IDPACIENTE`, `IDMEDICO`, `OBSERVACOES`, `DATA_PRONTUARIO`) VALUES ('8', '8', '8', 'Paciente foi Abduzido e voltou Gravido de um ET', '0000-00-00');
INSERT INTO `dbclinicamedica`.`PRONTUARIO` (`IDPRONTUARIO`, `IDPACIENTE`, `IDMEDICO`, `OBSERVACOES`, `DATA_PRONTUARIO`) VALUES ('9', '9', '9', 'Paciente com coração fraco', '0000-00-00');
INSERT INTO `dbclinicamedica`.`PRONTUARIO` (`IDPRONTUARIO`, `IDPACIENTE`, `IDMEDICO`, `OBSERVACOES`, `DATA_PRONTUARIO`) VALUES ('10', '10', '10', 'Paciente Sofreu de Mutação e tem 4 braços.', '0000-00-00');
INSERT INTO `dbclinicamedica`.`PRONTUARIO` (`IDPRONTUARIO`, `IDPACIENTE`, `IDMEDICO`, `OBSERVACOES`, `DATA_PRONTUARIO`) VALUES ('11', '11', '1', 'Paciente fala de mais', '0000-00-00');
INSERT INTO `dbclinicamedica`.`PRONTUARIO` (`IDPRONTUARIO`, `IDPACIENTE`, `IDMEDICO`, `OBSERVACOES`, `DATA_PRONTUARIO`) VALUES ('12', '12', '2', 'Paciente Tem poderes especiais', '0000-00-00');
INSERT INTO `dbclinicamedica`.`PRONTUARIO` (`IDPRONTUARIO`, `IDPACIENTE`, `IDMEDICO`, `OBSERVACOES`, `DATA_PRONTUARIO`) VALUES ('13', '13', '3', 'Paciente Tem Fobia', '0000-00-00');
INSERT INTO `dbclinicamedica`.`PRONTUARIO` (`IDPRONTUARIO`, `IDPACIENTE`, `IDMEDICO`, `OBSERVACOES`, `DATA_PRONTUARIO`) VALUES ('14', '14', '4', 'Paciente Pensa que é o SuperMan', '0000-00-00');
INSERT INTO `dbclinicamedica`.`PRONTUARIO` (`IDPRONTUARIO`, `IDPACIENTE`, `IDMEDICO`, `OBSERVACOES`, `DATA_PRONTUARIO`) VALUES ('15', '15', '5', 'Paciente pensa que é o Batman', '0000-00-00');
INSERT INTO `dbclinicamedica`.`PRONTUARIO` (`IDPRONTUARIO`, `IDPACIENTE`, `IDMEDICO`, `OBSERVACOES`, `DATA_PRONTUARIO`) VALUES ('16', '1', '6', 'Paciente é Mudo', '0000-00-00');
INSERT INTO `dbclinicamedica`.`PRONTUARIO` (`IDPRONTUARIO`, `IDPACIENTE`, `IDMEDICO`, `OBSERVACOES`, `DATA_PRONTUARIO`) VALUES ('17', '2', '7', 'Paciente é Cego', '0000-00-00');
INSERT INTO `dbclinicamedica`.`PRONTUARIO` (`IDPRONTUARIO`, `IDPACIENTE`, `IDMEDICO`, `OBSERVACOES`, `DATA_PRONTUARIO`) VALUES ('18', '3', '8', 'Paciente sofre de frio constante', '0000-00-00');
INSERT INTO `dbclinicamedica`.`PRONTUARIO` (`IDPRONTUARIO`, `IDPACIENTE`, `IDMEDICO`, `OBSERVACOES`, `DATA_PRONTUARIO`) VALUES ('19', '4', '9', 'Paciente é Very Very Crazy', '0000-00-00');
INSERT INTO `dbclinicamedica`.`PRONTUARIO` (`IDPRONTUARIO`, `IDPACIENTE`, `IDMEDICO`, `OBSERVACOES`, `DATA_PRONTUARIO`) VALUES ('20', '5', '10', 'Paciente é Fumante.', '0000-00-00');

/* UPDATE DE DATAS DAS TABELAS */

/*TABELA CONSULTA*/
UPDATE `dbclinicamedica`.`CONSULTA` SET `DATA_CONSULTA` = '2001-01-01 13:00:00' WHERE (`IDCONSULTA` = '1');
UPDATE `dbclinicamedica`.`CONSULTA` SET `DATA_CONSULTA` = '2001-01-01 13:00:00' WHERE (`IDCONSULTA` = '2');
UPDATE `dbclinicamedica`.`CONSULTA` SET `DATA_CONSULTA` = '2001-01-01 13:00:00' WHERE (`IDCONSULTA` = '3');
UPDATE `dbclinicamedica`.`CONSULTA` SET `DATA_CONSULTA` = '2001-01-01 13:00:00' WHERE (`IDCONSULTA` = '4');
UPDATE `dbclinicamedica`.`CONSULTA` SET `DATA_CONSULTA` = '2001-01-01 13:00:00' WHERE (`IDCONSULTA` = '5');
UPDATE `dbclinicamedica`.`CONSULTA` SET `DATA_CONSULTA` = '2002-02-02 14:30:00' WHERE (`IDCONSULTA` = '6');
UPDATE `dbclinicamedica`.`CONSULTA` SET `DATA_CONSULTA` = '2002-02-02 14:30:00' WHERE (`IDCONSULTA` = '7');
UPDATE `dbclinicamedica`.`CONSULTA` SET `DATA_CONSULTA` = '2002-02-02 14:30:00' WHERE (`IDCONSULTA` = '8');
UPDATE `dbclinicamedica`.`CONSULTA` SET `DATA_CONSULTA` = '2002-02-02 14:30:00' WHERE (`IDCONSULTA` = '9');
UPDATE `dbclinicamedica`.`CONSULTA` SET `DATA_CONSULTA` = '2002-02-02 14:30:00' WHERE (`IDCONSULTA` = '10');
UPDATE `dbclinicamedica`.`CONSULTA` SET `DATA_CONSULTA` = '2003-03-03 15:30:00' WHERE (`IDCONSULTA` = '11');
UPDATE `dbclinicamedica`.`CONSULTA` SET `DATA_CONSULTA` = '2003-03-03 15:30:00' WHERE (`IDCONSULTA` = '12');
UPDATE `dbclinicamedica`.`CONSULTA` SET `DATA_CONSULTA` = '2003-03-03 15:30:00' WHERE (`IDCONSULTA` = '13');
UPDATE `dbclinicamedica`.`CONSULTA` SET `DATA_CONSULTA` = '2003-03-03 15:30:00' WHERE (`IDCONSULTA` = '14');
UPDATE `dbclinicamedica`.`CONSULTA` SET `DATA_CONSULTA` = '2003-03-03 15:30:00' WHERE (`IDCONSULTA` = '15');
UPDATE `dbclinicamedica`.`CONSULTA` SET `DATA_CONSULTA` = '2004-04-04 16:00:00' WHERE (`IDCONSULTA` = '16');
UPDATE `dbclinicamedica`.`CONSULTA` SET `DATA_CONSULTA` = '2004-04-04 16:00:00' WHERE (`IDCONSULTA` = '17');
UPDATE `dbclinicamedica`.`CONSULTA` SET `DATA_CONSULTA` = '2004-04-04 16:00:00' WHERE (`IDCONSULTA` = '18');
UPDATE `dbclinicamedica`.`CONSULTA` SET `DATA_CONSULTA` = '2004-04-04 16:00:00' WHERE (`IDCONSULTA` = '19');
UPDATE `dbclinicamedica`.`CONSULTA` SET `DATA_CONSULTA` = '2004-04-04 16:00:00' WHERE (`IDCONSULTA` = '20');

/*TABELA FUNCIONARIO*/
UPDATE `dbclinicamedica`.`funcionario` SET `DATA_NASCIMENTO` = '1991-01-01' WHERE (`IDFUNCIONARIO` = '1');
UPDATE `dbclinicamedica`.`funcionario` SET `DATA_NASCIMENTO` = '1992-02-02' WHERE (`IDFUNCIONARIO` = '2');
UPDATE `dbclinicamedica`.`funcionario` SET `DATA_NASCIMENTO` = '1993-03-03' WHERE (`IDFUNCIONARIO` = '3');
UPDATE `dbclinicamedica`.`funcionario` SET `DATA_NASCIMENTO` = '1994-04-04' WHERE (`IDFUNCIONARIO` = '4');
UPDATE `dbclinicamedica`.`funcionario` SET `DATA_NASCIMENTO` = '1995-05-05' WHERE (`IDFUNCIONARIO` = '5');
UPDATE `dbclinicamedica`.`funcionario` SET `DATA_NASCIMENTO` = '1996-06-06' WHERE (`IDFUNCIONARIO` = '6');
UPDATE `dbclinicamedica`.`funcionario` SET `DATA_NASCIMENTO` = '1997-07-07' WHERE (`IDFUNCIONARIO` = '7');
UPDATE `dbclinicamedica`.`funcionario` SET `DATA_NASCIMENTO` = '1998-08-08' WHERE (`IDFUNCIONARIO` = '8');
UPDATE `dbclinicamedica`.`funcionario` SET `DATA_NASCIMENTO` = '1999-09-09' WHERE (`IDFUNCIONARIO` = '9');
UPDATE `dbclinicamedica`.`funcionario` SET `DATA_NASCIMENTO` = '2000-01-01' WHERE (`IDFUNCIONARIO` = '10');

/*TABELA MEDICO*/
UPDATE `dbclinicamedica`.`medico` SET `DATA_NASCIMENTO` = '1991-01-01' WHERE (`IDMEDICO` = '1');
UPDATE `dbclinicamedica`.`medico` SET `DATA_NASCIMENTO` = '1992-02-02' WHERE (`IDMEDICO` = '2');
UPDATE `dbclinicamedica`.`medico` SET `DATA_NASCIMENTO` = '1993-03-03' WHERE (`IDMEDICO` = '3');
UPDATE `dbclinicamedica`.`medico` SET `DATA_NASCIMENTO` = '1994-04-04' WHERE (`IDMEDICO` = '4');
UPDATE `dbclinicamedica`.`medico` SET `DATA_NASCIMENTO` = '1995-05-05' WHERE (`IDMEDICO` = '5');
UPDATE `dbclinicamedica`.`medico` SET `DATA_NASCIMENTO` = '1996-06-06' WHERE (`IDMEDICO` = '6');
UPDATE `dbclinicamedica`.`medico` SET `DATA_NASCIMENTO` = '1997-07-07' WHERE (`IDMEDICO` = '7');
UPDATE `dbclinicamedica`.`medico` SET `DATA_NASCIMENTO` = '1998-08-08' WHERE (`IDMEDICO` = '8');
UPDATE `dbclinicamedica`.`medico` SET `DATA_NASCIMENTO` = '1999-09-09' WHERE (`IDMEDICO` = '9');
UPDATE `dbclinicamedica`.`medico` SET `DATA_NASCIMENTO` = '2000-01-01' WHERE (`IDMEDICO` = '10');

/*TABELA PACIENTE*/
UPDATE `dbclinicamedica`.`PACIENTE` SET `DATA_NASCIMENTO` = '1991-01-01' WHERE (`IDPACIENTE` = '1');
UPDATE `dbclinicamedica`.`PACIENTE` SET `DATA_NASCIMENTO` = '1992-02-02' WHERE (`IDPACIENTE` = '2');
UPDATE `dbclinicamedica`.`PACIENTE` SET `DATA_NASCIMENTO` = '1993-03-03' WHERE (`IDPACIENTE` = '3');
UPDATE `dbclinicamedica`.`PACIENTE` SET `DATA_NASCIMENTO` = '1994-04-04' WHERE (`IDPACIENTE` = '4');
UPDATE `dbclinicamedica`.`PACIENTE` SET `DATA_NASCIMENTO` = '1995-05-05' WHERE (`IDPACIENTE` = '5');
UPDATE `dbclinicamedica`.`PACIENTE` SET `DATA_NASCIMENTO` = '1996-06-06' WHERE (`IDPACIENTE` = '6');
UPDATE `dbclinicamedica`.`PACIENTE` SET `DATA_NASCIMENTO` = '1997-07-07' WHERE (`IDPACIENTE` = '7');
UPDATE `dbclinicamedica`.`PACIENTE` SET `DATA_NASCIMENTO` = '1998-08-08' WHERE (`IDPACIENTE` = '8');
UPDATE `dbclinicamedica`.`PACIENTE` SET `DATA_NASCIMENTO` = '1999-09-09' WHERE (`IDPACIENTE` = '9');
UPDATE `dbclinicamedica`.`PACIENTE` SET `DATA_NASCIMENTO` = '2000-01-01' WHERE (`IDPACIENTE` = '10');
UPDATE `dbclinicamedica`.`PACIENTE` SET `DATA_NASCIMENTO` = '2001-01-01' WHERE (`IDPACIENTE` = '11');
UPDATE `dbclinicamedica`.`PACIENTE` SET `DATA_NASCIMENTO` = '2002-02-02' WHERE (`IDPACIENTE` = '12');
UPDATE `dbclinicamedica`.`PACIENTE` SET `DATA_NASCIMENTO` = '2003-03-03' WHERE (`IDPACIENTE` = '13');
UPDATE `dbclinicamedica`.`PACIENTE` SET `DATA_NASCIMENTO` = '2004-04-04' WHERE (`IDPACIENTE` = '14');
UPDATE `dbclinicamedica`.`PACIENTE` SET `DATA_NASCIMENTO` = '2005-05-05' WHERE (`IDPACIENTE` = '15');
UPDATE `dbclinicamedica`.`PACIENTE` SET `DATA_NASCIMENTO` = '2006-06-06' WHERE (`IDPACIENTE` = '16');
UPDATE `dbclinicamedica`.`PACIENTE` SET `DATA_NASCIMENTO` = '2007-07-07' WHERE (`IDPACIENTE` = '17');
UPDATE `dbclinicamedica`.`PACIENTE` SET `DATA_NASCIMENTO` = '2008-08-08' WHERE (`IDPACIENTE` = '18');
UPDATE `dbclinicamedica`.`PACIENTE` SET `DATA_NASCIMENTO` = '2009-09-09' WHERE (`IDPACIENTE` = '19');
UPDATE `dbclinicamedica`.`PACIENTE` SET `DATA_NASCIMENTO` = '2010-10-10' WHERE (`IDPACIENTE` = '20');

/*TABELA PRONTUARIO*/
UPDATE `dbclinicamedica`.`PRONTUARIO` SET `DATA_PRONTUARIO` = '2001-01-01' WHERE (`IDPRONTUARIO` = '1');
UPDATE `dbclinicamedica`.`PRONTUARIO` SET `DATA_PRONTUARIO` = '2001-01-01' WHERE (`IDPRONTUARIO` = '2');
UPDATE `dbclinicamedica`.`PRONTUARIO` SET `DATA_PRONTUARIO` = '2001-01-01' WHERE (`IDPRONTUARIO` = '3');
UPDATE `dbclinicamedica`.`PRONTUARIO` SET `DATA_PRONTUARIO` = '2001-01-01' WHERE (`IDPRONTUARIO` = '4');
UPDATE `dbclinicamedica`.`PRONTUARIO` SET `DATA_PRONTUARIO` = '2001-01-01' WHERE (`IDPRONTUARIO` = '5');
UPDATE `dbclinicamedica`.`PRONTUARIO` SET `DATA_PRONTUARIO` = '2002-02-02' WHERE (`IDPRONTUARIO` = '6');
UPDATE `dbclinicamedica`.`PRONTUARIO` SET `DATA_PRONTUARIO` = '2002-02-02' WHERE (`IDPRONTUARIO` = '7');
UPDATE `dbclinicamedica`.`PRONTUARIO` SET `DATA_PRONTUARIO` = '2002-02-02' WHERE (`IDPRONTUARIO` = '8');
UPDATE `dbclinicamedica`.`PRONTUARIO` SET `DATA_PRONTUARIO` = '2002-02-02' WHERE (`IDPRONTUARIO` = '9');
UPDATE `dbclinicamedica`.`PRONTUARIO` SET `DATA_PRONTUARIO` = '2002-02-02' WHERE (`IDPRONTUARIO` = '10');
UPDATE `dbclinicamedica`.`PRONTUARIO` SET `DATA_PRONTUARIO` = '2003-03-03' WHERE (`IDPRONTUARIO` = '11');
UPDATE `dbclinicamedica`.`PRONTUARIO` SET `DATA_PRONTUARIO` = '2003-03-03' WHERE (`IDPRONTUARIO` = '12');
UPDATE `dbclinicamedica`.`PRONTUARIO` SET `DATA_PRONTUARIO` = '2003-03-03' WHERE (`IDPRONTUARIO` = '13');
UPDATE `dbclinicamedica`.`PRONTUARIO` SET `DATA_PRONTUARIO` = '2003-03-03' WHERE (`IDPRONTUARIO` = '14');
UPDATE `dbclinicamedica`.`PRONTUARIO` SET `DATA_PRONTUARIO` = '2003-03-03' WHERE (`IDPRONTUARIO` = '15');
UPDATE `dbclinicamedica`.`PRONTUARIO` SET `DATA_PRONTUARIO` = '2004-04-04' WHERE (`IDPRONTUARIO` = '16');
UPDATE `dbclinicamedica`.`PRONTUARIO` SET `DATA_PRONTUARIO` = '2004-04-04' WHERE (`IDPRONTUARIO` = '17');
UPDATE `dbclinicamedica`.`PRONTUARIO` SET `DATA_PRONTUARIO` = '2004-04-04' WHERE (`IDPRONTUARIO` = '18');
UPDATE `dbclinicamedica`.`PRONTUARIO` SET `DATA_PRONTUARIO` = '2004-04-04' WHERE (`IDPRONTUARIO` = '19');
UPDATE `dbclinicamedica`.`PRONTUARIO` SET `DATA_PRONTUARIO` = '2004-04-04' WHERE (`IDPRONTUARIO` = '20');