/*TABELA PACIENTE*/
INSERT INTO `dbclinicamedica`.`paciente` (`IDPACIENTE`, `NOME`, `CPF`, `TELEFONE`, `EMAIL`, `SEXO`, `TIPO_SANGUINEO`, `DATA_NASCIMENTO`, `CONVENIO`, `RUA`, `NUMERO`, `BAIRRO`, `CIDADE`, `ESTADO`, `CEP`) VALUES ('1', 'AAA', '101.010.101-01', '(01)99999-9999', 'AAA@EMAIL.COM', 'MASCULINO', 'A+', '0000-00-00', 'PARTICULAR', 'AAA', '01', 'BAIRRO A', 'FLORIANOPOLIS', 'SC', '0000-001');
INSERT INTO `dbclinicamedica`.`paciente` (`IDPACIENTE`, `NOME`, `CPF`, `TELEFONE`, `EMAIL`, `SEXO`, `TIPO_SANGUINEO`, `DATA_NASCIMENTO`, `CONVENIO`, `RUA`, `NUMERO`, `BAIRRO`, `CIDADE`, `ESTADO`, `CEP`) VALUES ('2', 'BBB', '202.020.202-02', '(02)99999-9999', 'BBB@EMAIL.COM', 'FEMININO', 'A+', '0000-00-00', 'PARTICULAR', 'BBB', '02', 'BAIRRO B', 'FLORIANOPOLIS', 'SC', '0000-002');
INSERT INTO `dbclinicamedica`.`paciente` (`IDPACIENTE`, `NOME`, `CPF`, `TELEFONE`, `EMAIL`, `SEXO`, `TIPO_SANGUINEO`, `DATA_NASCIMENTO`, `CONVENIO`, `RUA`, `NUMERO`, `BAIRRO`, `CIDADE`, `ESTADO`, `CEP`) VALUES ('3', 'CCC', '303.030.303-03', '(03)99999-9999', 'CCC@EMAIL.COM', 'MASCULINO', 'A+', '0000-00-00', 'PARTICULAR', 'CCC', '03', 'BAIRRO C', 'FLORIANOPOLIS', 'SC', '0000-003');
INSERT INTO `dbclinicamedica`.`paciente` (`IDPACIENTE`, `NOME`, `CPF`, `TELEFONE`, `EMAIL`, `SEXO`, `TIPO_SANGUINEO`, `DATA_NASCIMENTO`, `CONVENIO`, `RUA`, `NUMERO`, `BAIRRO`, `CIDADE`, `ESTADO`, `CEP`) VALUES ('4', 'DDD', '404.040.404-04', '(04)99999-9999', 'DDD@EMAIL.COM', 'FEMININO', 'A-', '0000-00-00', 'UNIMED', 'DDD', '04', 'BAIRRO D', 'FLORIANOPOLIS', 'SC', '0000-004');
INSERT INTO `dbclinicamedica`.`paciente` (`IDPACIENTE`, `NOME`, `CPF`, `TELEFONE`, `EMAIL`, `SEXO`, `TIPO_SANGUINEO`, `DATA_NASCIMENTO`, `CONVENIO`, `RUA`, `NUMERO`, `BAIRRO`, `CIDADE`, `ESTADO`, `CEP`) VALUES ('5', 'EEE', '505.050.505-05', '(05)99999-9999', 'EEE@EMAIL.COM', 'MASCULINO', 'A-', '0000-00-00', 'UNIMED', 'EEE', '05', 'BAIRRO E', 'FLORIANOPOLIS', 'SC', '0000-005');
INSERT INTO `dbclinicamedica`.`paciente` (`IDPACIENTE`, `NOME`, `CPF`, `TELEFONE`, `EMAIL`, `SEXO`, `TIPO_SANGUINEO`, `DATA_NASCIMENTO`, `CONVENIO`, `RUA`, `NUMERO`, `BAIRRO`, `CIDADE`, `ESTADO`, `CEP`) VALUES ('6', 'FFF', '606.060.606-06', '(06)99999-9999', 'FFF@EMAIL.COM', 'FEMININO', 'A-', '0000-00-00', 'AGEMED', 'FFF', '06', 'BAIRRO F', 'SÃO JOSÉ', 'SC', '0000-006');
INSERT INTO `dbclinicamedica`.`paciente` (`IDPACIENTE`, `NOME`, `CPF`, `TELEFONE`, `EMAIL`, `SEXO`, `TIPO_SANGUINEO`, `DATA_NASCIMENTO`, `CONVENIO`, `RUA`, `NUMERO`, `BAIRRO`, `CIDADE`, `ESTADO`, `CEP`) VALUES ('7', 'GGG', '707.070.707-07', '(07)99999-9999', 'GGG@EMAIL.COM', 'MASCULINO', 'AB+', '0000-00-00', 'AGEMED', 'GGG', '07', 'BAIRRO G', 'SÃO JOSÉ', 'SC', '0000-007');
INSERT INTO `dbclinicamedica`.`paciente` (`IDPACIENTE`, `NOME`, `CPF`, `TELEFONE`, `EMAIL`, `SEXO`, `TIPO_SANGUINEO`, `DATA_NASCIMENTO`, `CONVENIO`, `RUA`, `NUMERO`, `BAIRRO`, `CIDADE`, `ESTADO`, `CEP`) VALUES ('8', 'HHH', '808.080.808-08', '(08)99999-9999', 'HHH@EMAIL.COM', 'FEMININO', 'AB+', '0000-00-00', 'AMIL', 'HHH', '08', 'BAIRRO H', 'SÃO JOSÉ', 'SC', '0000-008');
INSERT INTO `dbclinicamedica`.`paciente` (`IDPACIENTE`, `NOME`, `CPF`, `TELEFONE`, `EMAIL`, `SEXO`, `TIPO_SANGUINEO`, `DATA_NASCIMENTO`, `CONVENIO`, `RUA`, `NUMERO`, `BAIRRO`, `CIDADE`, `ESTADO`, `CEP`) VALUES ('9', 'III', '909.090.909-09', '(09)99999-9999', 'III@EMAIL.COM', 'MASCULINO', 'AB+', '0000-00-00', 'AMIL', 'III', '09', 'BAIRRO I', 'SÃO JOSÉ', 'SC', '0000-009');
INSERT INTO `dbclinicamedica`.`paciente` (`IDPACIENTE`, `NOME`, `CPF`, `TELEFONE`, `EMAIL`, `SEXO`, `TIPO_SANGUINEO`, `DATA_NASCIMENTO`, `CONVENIO`, `RUA`, `NUMERO`, `BAIRRO`, `CIDADE`, `ESTADO`, `CEP`) VALUES ('10', 'JJJ', '111.111.111-11', '(10)99999-9999', 'JJJ@EMAIL.COM', 'FEMININO', 'AB-', '0000-00-00', '', 'JJJ', '20', 'BAIRRO J', 'SÃO JOSÉ', 'SC', '0000-010');
INSERT INTO `dbclinicamedica`.`paciente` (`IDPACIENTE`, `NOME`, `CPF`, `TELEFONE`, `EMAIL`, `SEXO`, `TIPO_SANGUINEO`, `DATA_NASCIMENTO`, `CONVENIO`, `RUA`, `NUMERO`, `BAIRRO`, `CIDADE`, `ESTADO`, `CEP`) VALUES ('11', 'KKK', '222.222.222-22', '(11)99999-9999', 'KKK@EMAIL.COM', 'MASCULINO', 'AB-', '0000-00-00', '', 'KKK', '21', 'BAIRRO K', 'PALHOÇA', 'SC', '0000-011');
INSERT INTO `dbclinicamedica`.`paciente` (`IDPACIENTE`, `NOME`, `CPF`, `TELEFONE`, `EMAIL`, `SEXO`, `TIPO_SANGUINEO`, `DATA_NASCIMENTO`, `CONVENIO`, `RUA`, `NUMERO`, `BAIRRO`, `CIDADE`, `ESTADO`, `CEP`) VALUES ('12', 'LLL', '333.333.333-33', '(12)99999-9999', 'LLL@EMAIL.COM', 'FEMININO', 'AB-', '0000-00-00', 'ONE HEALTH', 'LLL', '22', 'BAIRRO L', 'PALHOÇA', 'SC', '0000-012');
INSERT INTO `dbclinicamedica`.`paciente` (`IDPACIENTE`, `NOME`, `CPF`, `TELEFONE`, `EMAIL`, `SEXO`, `TIPO_SANGUINEO`, `DATA_NASCIMENTO`, `CONVENIO`, `RUA`, `NUMERO`, `BAIRRO`, `CIDADE`, `ESTADO`, `CEP`) VALUES ('13', 'MMM', '444.444.444-44', '(13)99999-9999', 'MMM@EMAIL.COM', 'MASCULINO', 'O+', '0000-00-00', 'ONE HEALTH', 'MMM', '23', 'BAIRRO M', 'PALHOÇA', 'SC', '0000-013');
INSERT INTO `dbclinicamedica`.`paciente` (`IDPACIENTE`, `NOME`, `CPF`, `TELEFONE`, `EMAIL`, `SEXO`, `TIPO_SANGUINEO`, `DATA_NASCIMENTO`, `CONVENIO`, `RUA`, `NUMERO`, `BAIRRO`, `CIDADE`, `ESTADO`, `CEP`) VALUES ('14', 'NNN', '555.555.555-55', '(14)99999-9999', 'NNN@EMAIL.COM', 'FEMININO', 'O+', '0000-00-00', 'GOLDEN CROSS', 'NNN', '24', 'BAIRRO N', 'PALHOÇA', 'SC', '0000-014');
INSERT INTO `dbclinicamedica`.`paciente` (`IDPACIENTE`, `NOME`, `CPF`, `TELEFONE`, `EMAIL`, `SEXO`, `TIPO_SANGUINEO`, `DATA_NASCIMENTO`, `CONVENIO`, `RUA`, `NUMERO`, `BAIRRO`, `CIDADE`, `ESTADO`, `CEP`) VALUES ('15', 'OOO', '666.666.666-66', '(15)99999-9999', 'OOO@EMAIL.COM', 'MASCULINO', 'O+', '0000-00-00', 'GOLDEN CROSS', 'OOO', '25', 'BAIRRO O', 'PALHOÇA', 'SC', '0000-015');
INSERT INTO `dbclinicamedica`.`paciente` (`IDPACIENTE`, `NOME`, `CPF`, `TELEFONE`, `EMAIL`, `SEXO`, `TIPO_SANGUINEO`, `DATA_NASCIMENTO`, `CONVENIO`, `RUA`, `NUMERO`, `BAIRRO`, `CIDADE`, `ESTADO`, `CEP`) VALUES ('16', 'PPP', '777.777.777-77', '(16)99999-9999', 'PPP@EMAIL.COM', 'FEMININO', 'O+', '0000-00-00', 'INTERMÉDICA', 'PPP', '26', 'BAIRRO P', 'BIGUAÇU', 'SC', '0000-016');
INSERT INTO `dbclinicamedica`.`paciente` (`IDPACIENTE`, `NOME`, `CPF`, `TELEFONE`, `EMAIL`, `SEXO`, `TIPO_SANGUINEO`, `DATA_NASCIMENTO`, `CONVENIO`, `RUA`, `NUMERO`, `BAIRRO`, `CIDADE`, `ESTADO`, `CEP`) VALUES ('17', 'QQQ', '888.888.888-88', '(17)99999-9999', 'QQQ@EMAIL.COM', 'MASCULINO', 'O-', '0000-00-00', 'INTERMÉDICA', 'QQQ', '27', 'BAIRRO Q', 'BIGUAÇU', 'SC', '0000-017');
INSERT INTO `dbclinicamedica`.`paciente` (`IDPACIENTE`, `NOME`, `CPF`, `TELEFONE`, `EMAIL`, `SEXO`, `TIPO_SANGUINEO`, `DATA_NASCIMENTO`, `CONVENIO`, `RUA`, `NUMERO`, `BAIRRO`, `CIDADE`, `ESTADO`, `CEP`) VALUES ('18', 'RRR', '999.999.999-99', '(18)99999-9999', 'RRR@EMAIL.COM', 'FEMININO', 'O-', '0000-00-00', 'NOTRE DAME SEGURO SAÚDE', 'RRR', '28', 'BAIRRO R', 'BIGUAÇU', 'SC', '0000-018');
INSERT INTO `dbclinicamedica`.`paciente` (`IDPACIENTE`, `NOME`, `CPF`, `TELEFONE`, `EMAIL`, `SEXO`, `TIPO_SANGUINEO`, `DATA_NASCIMENTO`, `CONVENIO`, `RUA`, `NUMERO`, `BAIRRO`, `CIDADE`, `ESTADO`, `CEP`) VALUES ('19', 'SSS', '123.456.789-10', '(19)99999-9999', 'SSS@EMAIL.COM', 'MASCULINO', 'O-', '0000-00-00', 'NOTRE DAME SEGURO SAÚDE', 'SSS', '29', 'BAIRRO S', 'BIGUAÇU', 'SC', '0000-019');
INSERT INTO `dbclinicamedica`.`paciente` (`IDPACIENTE`, `NOME`, `CPF`, `TELEFONE`, `EMAIL`, `SEXO`, `TIPO_SANGUINEO`, `DATA_NASCIMENTO`, `CONVENIO`, `RUA`, `NUMERO`, `BAIRRO`, `CIDADE`, `ESTADO`, `CEP`) VALUES ('20', 'TTT', '000.000.000-00', '(20)99999-9999', 'TTT@EMAIL.COM', 'FEMININO', 'O-', '0000-00-00', 'NOTRE DAME SEGURO SAÚDE', 'TTT', '300', 'BAIRRO T', 'BIGUAÇU', 'SC', '0000-200');

/*TABELA USUARIO*/
INSERT INTO `dbclinicamedica`.`usuario` (`IDUSUARIO`, `USUARIO`, `SENHA`, `NIVEL`) VALUES ('1', 'admin', 'admin', 'Admin');
INSERT INTO `dbclinicamedica`.`usuario` (`IDUSUARIO`, `USUARIO`, `SENHA`, `NIVEL`) VALUES ('2', 'funcionario', 'funcionario,', 'Funcionario');
INSERT INTO `dbclinicamedica`.`usuario` (`IDUSUARIO`, `USUARIO`, `SENHA`, `NIVEL`) VALUES ('3', 'medico', 'medico', 'Médico');
INSERT INTO `dbclinicamedica`.`usuario` (`IDUSUARIO`, `USUARIO`, `SENHA`, `NIVEL`) VALUES ('4', 'funcionario01', 'funcionario01', 'Funcionário');
INSERT INTO `dbclinicamedica`.`usuario` (`IDUSUARIO`, `USUARIO`, `SENHA`, `NIVEL`) VALUES ('5', 'funcionario02', 'funcionario02', 'Funcionário');
INSERT INTO `dbclinicamedica`.`usuario` (`IDUSUARIO`, `USUARIO`, `SENHA`, `NIVEL`) VALUES ('6', 'funcionario03', 'funcionario03', 'Funcionário');
INSERT INTO `dbclinicamedica`.`usuario` (`IDUSUARIO`, `USUARIO`, `SENHA`, `NIVEL`) VALUES ('7', 'funcionario04', 'funcionario04', 'Funcionário');
INSERT INTO `dbclinicamedica`.`usuario` (`IDUSUARIO`, `USUARIO`, `SENHA`, `NIVEL`) VALUES ('8', 'funcionario05', 'funcionario05', 'Funcionário');
INSERT INTO `dbclinicamedica`.`usuario` (`IDUSUARIO`, `USUARIO`, `SENHA`, `NIVEL`) VALUES ('9', 'funcionario06', 'funcionario06', 'Funcionário');
INSERT INTO `dbclinicamedica`.`usuario` (`IDUSUARIO`, `USUARIO`, `SENHA`, `NIVEL`) VALUES ('10', 'funcionario07', 'funcionario07', 'Funcionário');
INSERT INTO `dbclinicamedica`.`usuario` (`IDUSUARIO`, `USUARIO`, `SENHA`, `NIVEL`) VALUES ('11', 'funcionario08', 'funcionario08', 'Funcionário');
INSERT INTO `dbclinicamedica`.`usuario` (`IDUSUARIO`, `USUARIO`, `SENHA`, `NIVEL`) VALUES ('12', 'funcionario09', 'funcionario09', 'Funcionário');
INSERT INTO `dbclinicamedica`.`usuario` (`IDUSUARIO`, `USUARIO`, `SENHA`, `NIVEL`) VALUES ('13', 'funcionario10', 'funcionario10', 'Funcionário');
INSERT INTO `dbclinicamedica`.`usuario` (`IDUSUARIO`, `USUARIO`, `SENHA`, `NIVEL`) VALUES ('14', 'medico01', 'medico01', 'Médico');
INSERT INTO `dbclinicamedica`.`usuario` (`IDUSUARIO`, `USUARIO`, `SENHA`, `NIVEL`) VALUES ('15', 'medico02', 'medico02', 'Médico');
INSERT INTO `dbclinicamedica`.`usuario` (`IDUSUARIO`, `USUARIO`, `SENHA`, `NIVEL`) VALUES ('16', 'medico03', 'medico03', 'Médico');
INSERT INTO `dbclinicamedica`.`usuario` (`IDUSUARIO`, `USUARIO`, `SENHA`, `NIVEL`) VALUES ('17', 'medico04', 'medico04', 'Médico');
INSERT INTO `dbclinicamedica`.`usuario` (`IDUSUARIO`, `USUARIO`, `SENHA`, `NIVEL`) VALUES ('18', 'medico05', 'medico05', 'Médico');
INSERT INTO `dbclinicamedica`.`usuario` (`IDUSUARIO`, `USUARIO`, `SENHA`, `NIVEL`) VALUES ('19', 'medico06', 'medico06', 'Médico');
INSERT INTO `dbclinicamedica`.`usuario` (`IDUSUARIO`, `USUARIO`, `SENHA`, `NIVEL`) VALUES ('20', 'medico07', 'medico07', 'Médico');
INSERT INTO `dbclinicamedica`.`usuario` (`IDUSUARIO`, `USUARIO`, `SENHA`, `NIVEL`) VALUES ('21', 'medico08', 'medico08', 'Médico');
INSERT INTO `dbclinicamedica`.`usuario` (`IDUSUARIO`, `USUARIO`, `SENHA`, `NIVEL`) VALUES ('22', 'medico09', 'medico09', 'Médico');
INSERT INTO `dbclinicamedica`.`usuario` (`IDUSUARIO`, `USUARIO`, `SENHA`, `NIVEL`) VALUES ('23', 'medico10', 'medico10', 'Médico');

/*TABELA FUNCIONARIO*/
INSERT INTO `dbclinicamedica`.`funcionario` (`IDFUNCIONARIO`, `NOME`, `CPF`, `TELEFONE`, `EMAIL`, `DATA_NASCIMENTO`, `IDUSUARIO`) VALUES ('1', 'admin', '123.456.789-10', '(00)99999-9999', 'ADMIN@CLINICA.COM', '1991-01-01', '1');
INSERT INTO `dbclinicamedica`.`funcionario` (`IDFUNCIONARIO`, `NOME`, `CPF`, `TELEFONE`, `EMAIL`, `DATA_NASCIMENTO`, `IDUSUARIO`) VALUES ('2', 'recepcao', '123.456.789-11', '(00)99999-9999', 'RECEPCAO@CLINICA.COM', '1991-01-01', '2');
INSERT INTO `dbclinicamedica`.`funcionario` (`IDFUNCIONARIO`, `NOME`, `CPF`, `TELEFONE`, `EMAIL`, `DATA_NASCIMENTO`, `IDUSUARIO`) VALUES ('3', 'medico', '123.456.789-12', '(00)99999-999', 'MEDICO@CLINICA.COM', '1991-01-01', '3');
INSERT INTO `dbclinicamedica`.`funcionario` (`IDFUNCIONARIO`, `NOME`, `CPF`, `TELEFONE`, `EMAIL`, `DATA_NASCIMENTO`, `IDUSUARIO`) VALUES ('4', 'BRASIL', '111.111.111-11', '(01)99999-9999', 'BRASIL@CLINICA.COM', '1992-02-02', '4');
INSERT INTO `dbclinicamedica`.`funcionario` (`IDFUNCIONARIO`, `NOME`, `CPF`, `TELEFONE`, `EMAIL`, `DATA_NASCIMENTO`, `IDUSUARIO`) VALUES ('5', 'ARGENTINA', '222.222.222-22', '(02)99999-9999', 'ARGENTINA@CLINICA.COM', '1993-03-03', '5');
INSERT INTO `dbclinicamedica`.`funcionario` (`IDFUNCIONARIO`, `NOME`, `CPF`, `TELEFONE`, `EMAIL`, `DATA_NASCIMENTO`, `IDUSUARIO`) VALUES ('6', 'URUGUAI', '333.333.333-33', '(03)99999-9999', 'URUGUAI@CLINICA.COM', '1994-04-04', '6');
INSERT INTO `dbclinicamedica`.`funcionario` (`IDFUNCIONARIO`, `NOME`, `CPF`, `TELEFONE`, `EMAIL`, `DATA_NASCIMENTO`, `IDUSUARIO`) VALUES ('7', 'PARAGUAI', '444.444.444-44', '(04)99999-9999', 'PARAGUAI@CLINICA.COM', '1995-05-05', '7');
INSERT INTO `dbclinicamedica`.`funcionario` (`IDFUNCIONARIO`, `NOME`, `CPF`, `TELEFONE`, `EMAIL`, `DATA_NASCIMENTO`, `IDUSUARIO`) VALUES ('8', 'CHILE', '555.555.555-55', '(05)99999-9999', 'CHILE@CLINICA.COM', '1996-06-06', '8');
INSERT INTO `dbclinicamedica`.`funcionario` (`IDFUNCIONARIO`, `NOME`, `CPF`, `TELEFONE`, `EMAIL`, `DATA_NASCIMENTO`, `IDUSUARIO`) VALUES ('9', 'USA', '666.666.666-66', '(06)99999-9999', 'USA@CLINICA.COM', '1997-07-07', '9');
INSERT INTO `dbclinicamedica`.`funcionario` (`IDFUNCIONARIO`, `NOME`, `CPF`, `TELEFONE`, `EMAIL`, `DATA_NASCIMENTO`, `IDUSUARIO`) VALUES ('10', 'RUSSIA', '777.777.777-77', '(07)99999-9999', 'RUSSIA@CLINICA.COM', '1998-08-08', '10');
INSERT INTO `dbclinicamedica`.`funcionario` (`IDFUNCIONARIO`, `NOME`, `CPF`, `TELEFONE`, `EMAIL`, `DATA_NASCIMENTO`, `IDUSUARIO`) VALUES ('11', 'JAPAO', '888.888.888-88', '(08)99999-9999', 'JAPAO@CLINICA.COM', '1999-09-09', '11');
INSERT INTO `dbclinicamedica`.`funcionario` (`IDFUNCIONARIO`, `NOME`, `CPF`, `TELEFONE`, `EMAIL`, `DATA_NASCIMENTO`, `IDUSUARIO`) VALUES ('12', 'CANADA', '999.999.999-99', '(09)99999-9999', 'CANADA@CLINICA.COM', '2000-01-01', '12');
INSERT INTO `dbclinicamedica`.`funcionario` (`IDFUNCIONARIO`, `NOME`, `CPF`, `TELEFONE`, `EMAIL`, `DATA_NASCIMENTO`, `IDUSUARIO`) VALUES ('13', 'ALEMANHA', '000.000.000-00', '(10)99999-9999', 'ALEMANHA@CLINICA.COM', '3000-01-01', '13');

/*TABELA MÉDICO*/
INSERT INTO `dbclinicamedica`.`medico` (`IDMEDICO`, `NOME`, `CPF`, `TELEFONE`, `EMAIL`, `CRM`, `ESPECIALIDADE`, `DATA_NASCIMENTO`, `IDUSUARIO`) VALUES ('1', 'Médico', '123.456.789-10', '(00)9999-9999', 'MEDICO@CLINICA.COM', '1234567891000' , 'MÉDICO TESTE', '1991-01-01', '3');
INSERT INTO `dbclinicamedica`.`medico` (`IDMEDICO`, `NOME`, `CPF`, `TELEFONE`, `EMAIL`, `CRM`, `ESPECIALIDADE`, `DATA_NASCIMENTO`, `IDUSUARIO`) VALUES ('2', 'JOSÉ', '111.111.111-11', '(01)99999-9999','JOSE01@CLINICA.COM', '1111111111111', 'CLINICO GERAL', '1992-02-02', '14');
INSERT INTO `dbclinicamedica`.`medico` (`IDMEDICO`, `NOME`, `CPF`, `TELEFONE`, `EMAIL`, `CRM`, `ESPECIALIDADE`, `DATA_NASCIMENTO`, `IDUSUARIO`) VALUES ('3', 'MARCOS', '222.222.222-22', '(02)99999-9999', 'MARCOS02@CLINICA.COM', '2222222222222', 'CARDIOLOGIA', '1993-03-03','15');
INSERT INTO `dbclinicamedica`.`medico` (`IDMEDICO`, `NOME`, `CPF`, `TELEFONE`, `EMAIL`, `CRM`, `ESPECIALIDADE`, `DATA_NASCIMENTO`, `IDUSUARIO`) VALUES ('4', 'CARLOS', '333.333.333-33', '(03)99999-9999', 'CARLOS03@CLINICA.COM', '3333333333333', 'CIRURGIA GERAL', '1994-04-04','16');
INSERT INTO `dbclinicamedica`.`medico` (`IDMEDICO`, `NOME`, `CPF`, `TELEFONE`, `EMAIL`, `CRM`, `ESPECIALIDADE`, `DATA_NASCIMENTO`, `IDUSUARIO`) VALUES ('5', 'VILMAR', '444.444.444-44', '(04)99999-9999', 'VILMAR04@CLINICA.COM', '4444444444444', 'PEDIATRA', '1994-04-04','17');
INSERT INTO `dbclinicamedica`.`medico` (`IDMEDICO`, `NOME`, `CPF`, `TELEFONE`, `EMAIL`, `CRM`, `ESPECIALIDADE`, `DATA_NASCIMENTO`,`IDUSUARIO`) VALUES ('6', 'ELIAS', '555.555.555-55', '(05)99999-9999', 'ELIAS05@CLINICA.COM', '5555555555555', 'INFECTOLOGIA', '1995-05-05','18');
INSERT INTO `dbclinicamedica`.`medico` (`IDMEDICO`, `NOME`, `CPF`, `TELEFONE`, `EMAIL`, `CRM`, `ESPECIALIDADE`, `DATA_NASCIMENTO`, `IDUSUARIO`) VALUES ('7', 'OSVALDO', '666.666.666-66', '(06)99999-9999', 'OSVALDO06@CLINICA.COM', '6666666666666', 'OFTALMOLOGIA', '1996-06-06','19');
INSERT INTO `dbclinicamedica`.`medico` (`IDMEDICO`, `NOME`, `CPF`, `TELEFONE`, `EMAIL`, `CRM`, `ESPECIALIDADE`, `DATA_NASCIMENTO`,`IDUSUARIO`) VALUES ('8', 'MATIAS', '777.777.777-77', '(07)99999-9999', 'MATIAS07@CLINICA.COM', '7777777777777', 'UROLOGIA', '1997-07-07','20');
INSERT INTO `dbclinicamedica`.`medico` (`IDMEDICO`, `NOME`, `CPF`, `TELEFONE`, `EMAIL`, `CRM`, `ESPECIALIDADE`, `DATA_NASCIMENTO`,`IDUSUARIO`) VALUES ('9', 'EDUARDO', '888.888.888-88', '(08)99999-9999', 'EDUARDO08@CLINICA.COM', '8888888888888', 'PNEUMOLOGIA', '1998-08-08','21');
INSERT INTO `dbclinicamedica`.`medico` (`IDMEDICO`, `NOME`, `CPF`, `TELEFONE`, `EMAIL`, `CRM`, `ESPECIALIDADE`, `DATA_NASCIMENTO`,`IDUSUARIO`) VALUES ('10', 'MATHEUS', '999.999.999-99', '(09)99999-9999', 'MATHEUS09@CLINICA.COM', '9999999999999', 'RADIOLOGIA', '1999-09-09','22');
INSERT INTO `dbclinicamedica`.`medico` (`IDMEDICO`, `NOME`, `CPF`, `TELEFONE`, `EMAIL`, `CRM`, `ESPECIALIDADE`, `DATA_NASCIMENTO`,`IDUSUARIO`) VALUES ('11', 'ARISTOLVO', '000.000.000-00', '(10)99999-9999', 'ARISTOLVO100@CLINICA.COM', '0000000000000', 'GERIATRIA', '2000-01-01','23');

/*TABELA CONSULTA*/
INSERT INTO `dbclinicamedica`.`consulta` (`IDCONSULTA`, `DATA_CONSULTA`, `IDPACIENTE`, `IDMEDICO`, `IDFUNCIONARIO`) VALUES ('1', '2001-01-01 13:00:00', '1', '1', '1');
INSERT INTO `dbclinicamedica`.`consulta` (`IDCONSULTA`, `DATA_CONSULTA`, `IDPACIENTE`, `IDMEDICO`, `IDFUNCIONARIO`) VALUES ('2', '2001-01-01 13:00:00', '2', '2', '2');
INSERT INTO `dbclinicamedica`.`consulta` (`IDCONSULTA`, `DATA_CONSULTA`, `IDPACIENTE`, `IDMEDICO`, `IDFUNCIONARIO`) VALUES ('3', '2001-01-01 13:00:00', '3', '3', '3');
INSERT INTO `dbclinicamedica`.`consulta` (`IDCONSULTA`, `DATA_CONSULTA`, `IDPACIENTE`, `IDMEDICO`, `IDFUNCIONARIO`) VALUES ('4', '2001-01-01 13:00:00', '4', '4', '4');
INSERT INTO `dbclinicamedica`.`consulta` (`IDCONSULTA`, `DATA_CONSULTA`, `IDPACIENTE`, `IDMEDICO`, `IDFUNCIONARIO`) VALUES ('5', '2001-01-01 13:00:00', '5', '5', '5');
INSERT INTO `dbclinicamedica`.`consulta` (`IDCONSULTA`, `DATA_CONSULTA`, `IDPACIENTE`, `IDMEDICO`, `IDFUNCIONARIO`) VALUES ('6', '2002-02-02 14:00:00', '6', '6', '6');
INSERT INTO `dbclinicamedica`.`consulta` (`IDCONSULTA`, `DATA_CONSULTA`, `IDPACIENTE`, `IDMEDICO`, `IDFUNCIONARIO`) VALUES ('7', '2002-02-02 14:00:00', '7', '7', '7');
INSERT INTO `dbclinicamedica`.`consulta` (`IDCONSULTA`, `DATA_CONSULTA`, `IDPACIENTE`, `IDMEDICO`, `IDFUNCIONARIO`) VALUES ('8', '2002-02-02 14:00:00', '8', '8', '8');
INSERT INTO `dbclinicamedica`.`consulta` (`IDCONSULTA`, `DATA_CONSULTA`, `IDPACIENTE`, `IDMEDICO`, `IDFUNCIONARIO`) VALUES ('9', '2002-02-02 14:00:00', '9', '9', '9');
INSERT INTO `dbclinicamedica`.`consulta` (`IDCONSULTA`, `DATA_CONSULTA`, `IDPACIENTE`, `IDMEDICO`, `IDFUNCIONARIO`) VALUES ('10', '2002-02-02 14:00:00', '10', '10', '10');
INSERT INTO `dbclinicamedica`.`consulta` (`IDCONSULTA`, `DATA_CONSULTA`, `IDPACIENTE`, `IDMEDICO`, `IDFUNCIONARIO`) VALUES ('11', '2003-03-03 15:00:00', '11', '1', '1');
INSERT INTO `dbclinicamedica`.`consulta` (`IDCONSULTA`, `DATA_CONSULTA`, `IDPACIENTE`, `IDMEDICO`, `IDFUNCIONARIO`) VALUES ('12', '2003-03-03 15:00:00', '12', '2', '2');
INSERT INTO `dbclinicamedica`.`consulta` (`IDCONSULTA`, `DATA_CONSULTA`, `IDPACIENTE`, `IDMEDICO`, `IDFUNCIONARIO`) VALUES ('13', '2003-03-03 15:00:00', '13', '3', '3');
INSERT INTO `dbclinicamedica`.`consulta` (`IDCONSULTA`, `DATA_CONSULTA`, `IDPACIENTE`, `IDMEDICO`, `IDFUNCIONARIO`) VALUES ('14', '2003-03-03 15:00:00', '14', '4', '4');
INSERT INTO `dbclinicamedica`.`consulta` (`IDCONSULTA`, `DATA_CONSULTA`, `IDPACIENTE`, `IDMEDICO`, `IDFUNCIONARIO`) VALUES ('15', '2003-03-03 15:00:00', '15', '5', '5');
INSERT INTO `dbclinicamedica`.`consulta` (`IDCONSULTA`, `DATA_CONSULTA`, `IDPACIENTE`, `IDMEDICO`, `IDFUNCIONARIO`) VALUES ('16', '2004-04-04 16:00:00', '1', '6', '6');
INSERT INTO `dbclinicamedica`.`consulta` (`IDCONSULTA`, `DATA_CONSULTA`, `IDPACIENTE`, `IDMEDICO`, `IDFUNCIONARIO`) VALUES ('17', '2004-04-04 16:00:00', '2', '7', '7');
INSERT INTO `dbclinicamedica`.`consulta` (`IDCONSULTA`, `DATA_CONSULTA`, `IDPACIENTE`, `IDMEDICO`, `IDFUNCIONARIO`) VALUES ('18', '2004-04-04 16:00:00', '3', '8', '8');
INSERT INTO `dbclinicamedica`.`consulta` (`IDCONSULTA`, `DATA_CONSULTA`, `IDPACIENTE`, `IDMEDICO`, `IDFUNCIONARIO`) VALUES ('19', '2004-04-04 16:00:00', '4', '9', '9');
INSERT INTO `dbclinicamedica`.`consulta` (`IDCONSULTA`, `DATA_CONSULTA`, `IDPACIENTE`, `IDMEDICO`, `IDFUNCIONARIO`) VALUES ('20', '2004-04-04 16:00:00', '5', '10', '10');

/*TABELA PRONTUARIO*/
INSERT INTO `dbclinicamedica`.`PRONTUARIO` (`IDPRONTUARIO`, `IDPACIENTE`, `IDMEDICO`, `OBSERVACOES`, `DATA_PRONTUARIO`) VALUES ('1', '1', '1', 'Paciente gripado, tosse, vomito', '2001-01-01');
INSERT INTO `dbclinicamedica`.`PRONTUARIO` (`IDPRONTUARIO`, `IDPACIENTE`, `IDMEDICO`, `OBSERVACOES`, `DATA_PRONTUARIO`) VALUES ('2', '2', '2', 'Paciente Dodói', '2001-01-01');
INSERT INTO `dbclinicamedica`.`PRONTUARIO` (`IDPRONTUARIO`, `IDPACIENTE`, `IDMEDICO`, `OBSERVACOES`, `DATA_PRONTUARIO`) VALUES ('3', '3', '3', 'Paciente Morrendo', '2001-01-01');
INSERT INTO `dbclinicamedica`.`PRONTUARIO` (`IDPRONTUARIO`, `IDPACIENTE`, `IDMEDICO`, `OBSERVACOES`, `DATA_PRONTUARIO`) VALUES ('4', '4', '4', 'Paciente Feliz', '2001-01-01');
INSERT INTO `dbclinicamedica`.`PRONTUARIO` (`IDPRONTUARIO`, `IDPACIENTE`, `IDMEDICO`, `OBSERVACOES`, `DATA_PRONTUARIO`) VALUES ('5', '5', '5', 'Paciente Chorando', '2001-01-01');
INSERT INTO `dbclinicamedica`.`PRONTUARIO` (`IDPRONTUARIO`, `IDPACIENTE`, `IDMEDICO`, `OBSERVACOES`, `DATA_PRONTUARIO`) VALUES ('6', '6', '6', 'Paciente Ralou o Braço', '2002-02-02');
INSERT INTO `dbclinicamedica`.`PRONTUARIO` (`IDPRONTUARIO`, `IDPACIENTE`, `IDMEDICO`, `OBSERVACOES`, `DATA_PRONTUARIO`) VALUES ('7', '7', '7', 'Paciente Cortou o Cabelo', '2002-02-02');
INSERT INTO `dbclinicamedica`.`PRONTUARIO` (`IDPRONTUARIO`, `IDPACIENTE`, `IDMEDICO`, `OBSERVACOES`, `DATA_PRONTUARIO`) VALUES ('8', '8', '8', 'Paciente foi Abduzido e voltou Gravido de um ET', '2002-02-02');
INSERT INTO `dbclinicamedica`.`PRONTUARIO` (`IDPRONTUARIO`, `IDPACIENTE`, `IDMEDICO`, `OBSERVACOES`, `DATA_PRONTUARIO`) VALUES ('9', '9', '9', 'Paciente com coração fraco', '2002-02-02');
INSERT INTO `dbclinicamedica`.`PRONTUARIO` (`IDPRONTUARIO`, `IDPACIENTE`, `IDMEDICO`, `OBSERVACOES`, `DATA_PRONTUARIO`) VALUES ('10', '10', '10', 'Paciente Sofreu de Mutação e tem 4 braços.', '2002-02-02');
INSERT INTO `dbclinicamedica`.`PRONTUARIO` (`IDPRONTUARIO`, `IDPACIENTE`, `IDMEDICO`, `OBSERVACOES`, `DATA_PRONTUARIO`) VALUES ('11', '11', '1', 'Paciente fala de mais', '2003-03-03');
INSERT INTO `dbclinicamedica`.`PRONTUARIO` (`IDPRONTUARIO`, `IDPACIENTE`, `IDMEDICO`, `OBSERVACOES`, `DATA_PRONTUARIO`) VALUES ('12', '12', '2', 'Paciente Tem poderes especiais', '2003-03-03');
INSERT INTO `dbclinicamedica`.`PRONTUARIO` (`IDPRONTUARIO`, `IDPACIENTE`, `IDMEDICO`, `OBSERVACOES`, `DATA_PRONTUARIO`) VALUES ('13', '13', '3', 'Paciente Tem Fobia', '2003-03-03');
INSERT INTO `dbclinicamedica`.`PRONTUARIO` (`IDPRONTUARIO`, `IDPACIENTE`, `IDMEDICO`, `OBSERVACOES`, `DATA_PRONTUARIO`) VALUES ('14', '14', '4', 'Paciente Pensa que é o SuperMan', '2003-03-03');
INSERT INTO `dbclinicamedica`.`PRONTUARIO` (`IDPRONTUARIO`, `IDPACIENTE`, `IDMEDICO`, `OBSERVACOES`, `DATA_PRONTUARIO`) VALUES ('15', '15', '5', 'Paciente pensa que é o Batman', '2003-03-03');
INSERT INTO `dbclinicamedica`.`PRONTUARIO` (`IDPRONTUARIO`, `IDPACIENTE`, `IDMEDICO`, `OBSERVACOES`, `DATA_PRONTUARIO`) VALUES ('16', '1', '6', 'Paciente é Mudo', '2004-04-04');
INSERT INTO `dbclinicamedica`.`PRONTUARIO` (`IDPRONTUARIO`, `IDPACIENTE`, `IDMEDICO`, `OBSERVACOES`, `DATA_PRONTUARIO`) VALUES ('17', '2', '7', 'Paciente é Cego', '2004-04-04');
INSERT INTO `dbclinicamedica`.`PRONTUARIO` (`IDPRONTUARIO`, `IDPACIENTE`, `IDMEDICO`, `OBSERVACOES`, `DATA_PRONTUARIO`) VALUES ('18', '3', '8', 'Paciente sofre de frio constante', '2004-04-04');
INSERT INTO `dbclinicamedica`.`PRONTUARIO` (`IDPRONTUARIO`, `IDPACIENTE`, `IDMEDICO`, `OBSERVACOES`, `DATA_PRONTUARIO`) VALUES ('19', '4', '9', 'Paciente é Very Very Crazy', '2004-04-04');
INSERT INTO `dbclinicamedica`.`PRONTUARIO` (`IDPRONTUARIO`, `IDPACIENTE`, `IDMEDICO`, `OBSERVACOES`, `DATA_PRONTUARIO`) VALUES ('20', '5', '10', 'Paciente é Fumante.', '2004-04-04');
